name,phone,address,postalZip,region,country,currency
Fletcher Combs,1-584-487-3495,363-2705 Ac Ave,JB4M 8YD,Gloucestershire,United Kingdom,$63.84
Cynthia Johns,1-616-654-9083,367-618 Sed Avenue,U1 6SD,Kinross-shire,United Kingdom,$68.26
Ryder Murray,(535) 334-4198,4059 Justo Rd.,34078,Delaware,United States,$68.47
Shelly Short,1-841-326-2077,"P.O. Box 445, 4731 Vitae Ave",LV4 7XA,Kincardineshire,United Kingdom,$32.82
James Goff,1-353-252-2755,724-9987 Proin St.,W3 7IC,Midlothian,United Kingdom,$45.88
Frances Carpenter,1-767-854-4841,"1345 Mauris, Street",34797,Vermont,United States,$95.65
Fleur Brown,1-389-605-7078,"P.O. Box 509, 8600 Egestas. Ave",IP1 5FB,Buckinghamshire,United Kingdom,$78.56
Finn Crane,1-960-717-5749,"Ap #926-5678 Non, Ave",77985,Georgia,United States,$91.34
Mohammad Anderson,1-301-755-7053,2909 Dolor Avenue,42704,Utah,United States,$77.65
Maggie Vang,1-553-928-8596,Ap #194-9186 Tincidunt Rd.,D5 3GW,Lanarkshire,United Kingdom,$54.54
Wylie Velazquez,(887) 392-3253,"459-9141 Ut, Street",72764,Arkansas,United States,$66.12
Jayme Graves,(320) 735-5158,"P.O. Box 205, 7108 Sed St.",QR5 4NT,Buteshire,United Kingdom,$90.15
Anne Mclaughlin,(577) 715-8142,3212 Dui. Ave,71358,Arkansas,United States,$72.02
Ursula Miles,1-263-151-3434,472-7482 Nonummy. St.,64775,Mississippi,United States,$26.60
Hu Skinner,1-222-415-1672,886-5077 Semper Avenue,G6 2AO,Cambridgeshire,United Kingdom,$10.98
Rachel Lucas,1-645-332-3880,"P.O. Box 677, 3750 Duis Rd.",23052,Vermont,United States,$46.91
Desirae Brewer,1-273-227-2144,Ap #175-607 Netus Rd.,UZ0P 8WG,Fife,United Kingdom,$97.80
Sawyer Hooper,(607) 234-3874,"P.O. Box 754, 4760 Sapien, Avenue",37696,Oklahoma,United States,$2.22
Cole Peck,(266) 943-4867,720-1641 Enim. St.,LS69 4TP,Dumfriesshire,United Kingdom,$78.76
Jorden Kent,1-183-687-0033,344-9533 Egestas Ave,HG2 8BI,Hampshire,United Kingdom,$80.03
Clarke Schwartz,1-247-668-3943,8397 Vel Avenue,J0 4AV,Yorkshire,United Kingdom,$54.57
Simon Hyde,1-264-626-8884,Ap #393-8597 Magna. Rd.,N5P 3LA,Flintshire,United Kingdom,$19.68
Mona Dyer,1-398-853-7164,"P.O. Box 853, 8502 Faucibus Road",88113,Iowa,United States,$0.71
Amos Kemp,1-476-248-5714,"P.O. Box 842, 328 Fusce Road",58262,Connecticut,United States,$56.94
Lael Conner,1-128-863-8459,Ap #854-5183 Fusce Rd.,I21 7RE,Wigtownshire,United Kingdom,$26.31
Callum Wilder,(362) 377-2865,Ap #519-4537 Placerat. St.,RF31 8TU,Somerset,United Kingdom,$22.06
Demetrius Pace,(707) 208-2575,127 Odio Rd.,43911,Utah,United States,$11.94
Walker Doyle,(957) 335-7835,"P.O. Box 589, 6110 Diam. Rd.",UD4R 8QO,Glamorgan,United Kingdom,$84.45
Igor Schroeder,1-128-809-5966,131-8707 Ante. St.,74328,Florida,United States,$47.80
Wing Duffy,(811) 625-1576,Ap #907-6529 Tempor Av.,87129,Oregon,United States,$44.63
Donovan Ramos,(962) 557-3773,529-2100 Auctor. Ave,S1 1HQ,Kirkcudbrightshire,United Kingdom,$32.13
Thomas Murphy,(428) 825-5150,"P.O. Box 159, 7521 Lorem Street",D74 3MN,Anglesey,United Kingdom,$50.05
Keaton Chapman,(155) 902-1003,"720-6612 Id, Rd.",V7 1VW,Pembrokeshire,United Kingdom,$7.72
Armand Erickson,1-922-756-4897,"P.O. Box 998, 9696 Quis Road",RU7Y 8BF,Glamorgan,United Kingdom,$20.00
Vielka Frazier,(740) 714-1687,985-570 Donec Rd.,62023,Georgia,United States,$31.38
Meredith Pearson,1-864-665-4184,Ap #480-2268 Nullam Avenue,S7 1SJ,Essex,United Kingdom,$11.47
Warren Rodriguez,1-427-222-4957,2974 Cursus St.,53530,Florida,United States,$98.53
Belle Bradley,(723) 302-6254,Ap #877-7805 Neque St.,39663,Nebraska,United States,$93.78
Ursa Alvarado,1-555-545-4660,144-9466 Mus. Avenue,99855,Alaska,United States,$84.33
Sheila Atkins,1-121-941-7252,8725 Augue Ave,52355,Maryland,United States,$64.88
Cain Snow,1-635-593-6041,9902 Felis Rd.,JN98 0SF,Flintshire,United Kingdom,$90.62
Christopher Burke,(575) 455-5448,468-9971 Rhoncus. St.,KS2 1CJ,Denbighshire,United Kingdom,$49.56
Wyatt Bradford,(770) 483-6466,628-3778 Ornare Rd.,XY94 3JX,Norfolk,United Kingdom,$27.33
Benjamin Floyd,1-617-171-5931,369-2908 Metus. Rd.,Y7 9MR,Morayshire,United Kingdom,$87.30
Erasmus Bishop,(935) 835-3424,Ap #474-8347 Aliquet Road,78093,Georgia,United States,$62.65
Chester Carrillo,1-359-321-1060,"P.O. Box 628, 8073 Ultricies Av.",RI54 3GD,Gloucestershire,United Kingdom,$7.83
Cain Kent,1-145-450-1157,Ap #419-1623 Nunc Rd.,71266,Arkansas,United States,$55.22
Myra Riley,1-729-769-3231,411-2484 Gravida Rd.,E6 9WM,Denbighshire,United Kingdom,$63.34
Fatima Hopkins,1-378-818-0942,Ap #542-7124 Phasellus Avenue,GY16 0BW,Caithness,United Kingdom,$16.65
Cameron Nichols,1-640-286-5467,Ap #314-2593 Nunc Street,Q2 7CQ,Wiltshire,United Kingdom,$3.22
Gareth Gray,(514) 231-2115,989-1515 Nulla St.,62233,Florida,United States,$65.43
Alexander Griffin,(341) 549-1424,640-7294 Mus. Rd.,84129,Kentucky,United States,$68.87
Plato Norman,1-565-881-6703,"P.O. Box 713, 4275 Iaculis St.",17866,Oklahoma,United States,$93.05
Eagan Houston,1-638-545-5461,Ap #581-7496 Amet St.,46665,Minnesota,United States,$13.24
Maryam Castillo,1-905-812-6903,"P.O. Box 941, 7236 Donec Street",NW0 0UT,Kirkcudbrightshire,United Kingdom,$72.22
Andrew Gibbs,1-472-455-9385,Ap #476-2360 Sollicitudin Av.,80559,Kansas,United States,$23.36
Kathleen Morris,(868) 856-3915,159-7312 Morbi Road,86636,Louisiana,United States,$97.84
Moses Anthony,1-141-783-6717,"P.O. Box 866, 351 Dictum Avenue",50277,Connecticut,United States,$25.31
Lance Santos,(377) 827-2316,5654 Sem Av.,50422,Nebraska,United States,$40.86
Aurora Rowe,1-481-782-1479,Ap #542-4894 Velit St.,OQ4 4GF,Kirkcudbrightshire,United Kingdom,$59.13
Madaline Craig,1-362-316-3121,"P.O. Box 141, 8389 Quam Street",71714,Arkansas,United States,$53.16
Abdul Pace,(447) 640-5270,905-8405 Neque Street,61147,Maine,United States,$56.21
Bernard Love,(242) 754-0373,616-1735 In Road,CN2 2YC,Roxburghshire,United Kingdom,$54.74
Kylie Hartman,1-275-363-2138,154-2425 Nam Av.,CC56 6IP,Dumfriesshire,United Kingdom,$66.38
Gary Holcomb,1-237-869-3238,211-6184 Nulla Street,QQ6J 6TB,Clackmannanshire,United Kingdom,$64.41
Sheila Livingston,1-776-847-6994,"P.O. Box 182, 5227 Arcu. Avenue",R4 6JJ,Aberdeenshire,United Kingdom,$49.45
Keiko Haynes,1-865-620-7542,1953 Gravida Street,KF5 2JQ,Monmouthshire,United Kingdom,$60.86
Gray Evans,(342) 834-1004,201-2631 Duis St.,FB5T 3SK,Cumberland,United Kingdom,$74.22
Ila Hutchinson,1-711-366-7813,7754 In Ave,37791,Idaho,United States,$78.46
Brent O'connor,(764) 852-4339,"P.O. Box 738, 4486 Nunc Street",QT80 8FQ,Oxfordshire,United Kingdom,$72.45
Herman Harding,(214) 797-3592,820-3889 Dolor St.,NG3 2VK,Leicestershire,United Kingdom,$68.25
Nehru Joyner,(562) 534-5210,Ap #548-5373 Odio. Rd.,65753,Massachusetts,United States,$61.04
Brock Talley,1-592-723-9332,"P.O. Box 882, 335 Ipsum Road",T2 0VO,Fife,United Kingdom,$21.87
Omar Cleveland,1-936-195-6078,412-9524 Massa St.,M6J 0HI,Worcestershire,United Kingdom,$84.84
Reece Strong,(315) 894-0023,246-542 Cras Street,75532,Iowa,United States,$2.11
Vernon Johnston,(343) 222-1205,Ap #223-9444 Vitae Street,41445,Michigan,United States,$97.83
Drake Rowland,1-452-126-9484,"720-4487 Ullamcorper, Rd.",C3N 6UX,Perthshire,United Kingdom,$47.23
Aristotle Freeman,1-872-478-4622,Ap #750-9627 Tempus Ave,JL4 1TK,Norfolk,United Kingdom,$58.36
Nadine Vaughn,(472) 819-1371,Ap #896-3862 Nullam Rd.,YU55 2HJ,Northamptonshire,United Kingdom,$44.56
Graham Terrell,(508) 525-8164,Ap #125-3190 Aenean St.,C46 1FO,East Lothian,United Kingdom,$31.01
Miriam Tran,(444) 738-7246,"Ap #949-8167 Urna, Road",SC3 2OR,East Lothian,United Kingdom,$81.93
Carson Snider,1-633-721-5827,381-2802 Enim Street,LE06 3YD,Glamorgan,United Kingdom,$84.28
Idola Rollins,(385) 523-6465,Ap #208-2246 Convallis Rd.,56155,Vermont,United States,$66.89
Hayfa Hudson,(504) 588-0415,Ap #743-3149 Mollis Street,N7 5LX,Cumberland,United Kingdom,$19.57
Demetrius Evans,1-232-248-4916,3794 Mi St.,75732,Kentucky,United States,$72.62
Dylan Stokes,1-718-726-5524,Ap #437-5689 Eget St.,J3O 8WV,Pembrokeshire,United Kingdom,$97.17
Jaquelyn Crawford,1-888-360-6312,"Ap #460-8370 Pede, Ave",23575,Delaware,United States,$75.08
Tyrone Huffman,(622) 633-7034,658-7229 Placerat St.,B8 1HQ,Cornwall,United Kingdom,$56.06
Moana Alvarado,(819) 364-6783,"415-7875 Dui, Rd.",64084,Louisiana,United States,$11.25
Anthony Maddox,(683) 778-4343,536-468 Nullam Street,GI1V 0NN,Kincardineshire,United Kingdom,$99.82
Harper Ware,(861) 892-8704,"219-4675 Consectetuer, Rd.",29707,Maine,United States,$19.99
Brent Shaw,1-851-654-5487,Ap #223-4052 Tempor Avenue,AN1I 7WH,Aberdeenshire,United Kingdom,$0.29
Heather Peck,(374) 752-6734,"Ap #629-259 Non, Road",71868,Arkansas,United States,$26.64
Tarik Clark,1-347-791-4676,"P.O. Box 961, 5538 Ridiculus Street",20812,Georgia,United States,$41.45
Ingrid Roberts,1-236-736-4104,Ap #401-5731 Bibendum. Ave,34321,Florida,United States,$18.46
Clark Benjamin,(328) 976-8331,Ap #786-7096 Etiam Road,97288,Texas,United States,$46.11
Gisela Munoz,1-945-881-6655,"Ap #443-5548 Montes, Avenue",I8H 1CK,Roxburghshire,United Kingdom,$19.34
Declan Soto,(328) 848-1418,366-898 Lorem Av.,42735,Kansas,United States,$87.22
Keelie Bowman,1-359-881-6414,Ap #711-762 Non St.,43636,Maine,United States,$49.29
Larissa Klein,(751) 249-4369,232-3176 Cras Rd.,33663,Minnesota,United States,$25.91
