Country Name,Country Code,Series Name,Series Code,1960 [YR1960],1961 [YR1961],1962 [YR1962],1963 [YR1963],1964 [YR1964],1965 [YR1965],1966 [YR1966],1967 [YR1967],1968 [YR1968],1969 [YR1969],1970 [YR1970],1971 [YR1971],1972 [YR1972],1973 [YR1973],1974 [YR1974],1975 [YR1975],1976 [YR1976],1977 [YR1977],1978 [YR1978],1979 [YR1979],1980 [YR1980],1981 [YR1981],1982 [YR1982],1983 [YR1983],1984 [YR1984],1985 [YR1985],1986 [YR1986],1987 [YR1987],1988 [YR1988],1989 [YR1989],1990 [YR1990],1991 [YR1991],1992 [YR1992],1993 [YR1993],1994 [YR1994],1995 [YR1995],1996 [YR1996],1997 [YR1997],1998 [YR1998],1999 [YR1999],2000 [YR2000],2001 [YR2001],2002 [YR2002],2003 [YR2003],2004 [YR2004],2005 [YR2005],2006 [YR2006],2007 [YR2007],2008 [YR2008],2009 [YR2009],2010 [YR2010],2011 [YR2011],2012 [YR2012],2013 [YR2013],2014 [YR2014],2015 [YR2015],2016 [YR2016],2017 [YR2017],2018 [YR2018],2019 [YR2019],2020 [YR2020],2021 [YR2021],2022 [YR2022],2023 [YR2023],2024 [YR2024],2025 [YR2025]
Brazil,BRA,GDP (constant 2015 US$),NY.GDP.MKTP.KD,188463862170.398,204671754317.052,218180090101.977,219489170642.589,226951802444.437,232398645703.104,247969354965.212,258384067873.751,283705706525.378,310657748645.289,342966154504.399,381868537872.879,427464970641.338,487176363095.81,526900425028.37,554123521012.024,610960688344.948,641107493085.333,672969879569.773,718459683182.517,784557974035.307,751214260138.81,757449338497.958,735256072879.968,774959900815.486,835794253029.505,898395242581.413,930108594644.536,929550529487.75,958924326219.565,917211118029.012,926678475666.292,921636677088.89,967024426395.984,1023623112443.65,1066858840298.13,1090424301689.88,1127442527329.51,1131254386851.73,1136547951100.23,1186419100640.61,1202909097020.67,1239639467497.76,1253781634016.71,1325999012757.63,1368459252277.73,1422677453370.7,1509032133942.18,1585905180197,1583909921137.42,1703150236756.78,1770840632844.1,1804861597828.48,1859094488272.12,1868463501662.3,1802212206814.5,1743173232416.64,1766233131666.66,1797736844969.16,1819683217699.38,1760056587795.46,1843881119920.2,1899505377558.02,1961080794855.6,2028136327872.37,2074494382804.15
Brazil,BRA,Gross savings (% of GDP),NY.GNS.ICTR.ZS,..,..,..,..,..,..,..,..,..,..,..,..,..,..,..,20.6224312680419,19.1629845442635,19.7638680036014,19.5403652959114,18.3213623473092,17.6895792865625,19.0398040162808,15.8778074688358,14.2758169983001,17.4886787327515,20.1836320328161,17.901515851548,22.6606032602475,25.6536837052975,35.8085557485597,18.9558571795845,18.7329794645523,20.1983835778524,20.2543612152904,19.1150403606133,14.4393627074231,14.0413210161005,13.711158574772,13.8904529394102,12.7369014512502,13.9917031283152,13.59459737532,15.4058722696436,16.4179418086704,18.8550188616847,18.1140955331319,18.4098163065848,19.3463603055608,19.2268466605026,16.3803650200302,17.8023993523835,18.6012664292854,17.6781085215019,18.1516908265514,16.1344049935616,14.5293471758892,13.4217530165129,13.5777696912267,12.707419952098,12.306400609957,14.8400818260311,17.2170244671916,15.8875091585199,15.0395043181229,14.141150821899,14.4155934935691
Brazil,BRA,"Foreign direct investment, net inflows (% of GDP)",BX.KLT.DINV.WD.GD.ZS,..,..,..,..,..,..,..,..,..,..,0.925399503632341,0.918767247020645,0.787030229370392,1.41245107614379,1.10014598451496,1.00771220853274,1.0152188208109,1.03944503129257,1.00160453389634,1.09289763404408,0.804992588829738,0.976686740403903,1.07255754578395,0.848375851273491,0.846341838863818,0.683327514048415,0.134512965266612,0.412991260987785,0.910738734536583,0.273855965905703,0.256909930150916,0.32201174402017,0.62798622938011,0.350808564777038,0.584731354072149,0.631586020354494,1.47596541135756,2.15045305915354,3.34088809328503,4.73377022686194,5.03391680528314,4.14759377398385,3.25358061271527,1.81340052439304,2.71353166307823,1.73389354602718,1.753125703626,3.19082601308524,2.99060946922903,1.88848224095724,3.73001288350945,3.91518011405433,3.75496285641218,3.04150901624338,3.57135266957477,3.59214931791344,4.13737803865892,3.33825981739039,4.07858821454947,3.692673213156,2.59263795310275,2.77979084938159,3.8680317970139,2.86383344298207,3.38960808548439,3.40696865505948
Brazil,BRA,Population growth (annual %),SP.POP.GROW,..,3.01712402135294,2.98413178984127,2.94697800169989,2.89384532588109,2.81797346768923,2.73236317426946,2.64271600538347,2.56183412825181,2.50796582962001,2.47317174130758,2.44801384438618,2.43336258601704,2.42103657885576,2.39665879234277,2.37884287680594,2.38155616304412,2.38655749823333,2.38605063277526,2.37626195376506,2.35969066147983,2.328674853913,2.27914448988333,2.23365283811212,2.18625478508242,2.13058251317121,2.0601457180807,1.98157140954846,1.91028205578332,1.84389971585717,1.78613575086263,1.71576956519978,1.66724681782032,1.61992855794359,1.56329973533197,1.53901255207011,1.51410759163045,1.48650426533337,1.48772098102752,1.45652767159292,1.37521128317928,1.30335503159977,1.24142062598122,1.18021395482771,1.12991417032023,1.09590612526605,1.05833842529955,1.01236820635667,0.957984635895359,0.895632239477021,0.84088322514573,0.81381388423754,0.811598483382088,0.810511647523289,0.806314177734439,0.791721773592796,0.761972670496742,0.72824666001736,0.683439571425594,0.651994346081362,0.579350709708032,0.425360907216456,0.360180890872169,0.395928695574996,0.405467027627251,0.383150642409967
,,,,,,,,,,,,,,,,,,,,,,,,,,,,,,,,,,,,,,,,,,,,,,,,,,,,,,,,,,,,,,,,,,,,,
,,,,,,,,,,,,,,,,,,,,,,,,,,,,,,,,,,,,,,,,,,,,,,,,,,,,,,,,,,,,,,,,,,,,,
,,,,,,,,,,,,,,,,,,,,,,,,,,,,,,,,,,,,,,,,,,,,,,,,,,,,,,,,,,,,,,,,,,,,,
Data from database: World Development Indicators,,,,,,,,,,,,,,,,,,,,,,,,,,,,,,,,,,,,,,,,,,,,,,,,,,,,,,,,,,,,,,,,,,,,,
Last Updated: 07/13/2026,,,,,,,,,,,,,,,,,,,,,,,,,,,,,,,,,,,,,,,,,,,,,,,,,,,,,,,,,,,,,,,,,,,,,
